,Reading #,Date,Time,Method Name,User Factor Name,Grid ID,Latitude,Longitude,Test Status,User ID,Status ID,Compound Template Name, Units,Mg Concentration,Mg Error1s,Mg Action Level,Mg Compound,Mg Compound Level,Mg Compound Error,Al Concentration,Al Error1s,Al Action Level,Al Compound,Al Compound Level,Al Compound Error,Si Concentration,Si Error1s,Si Action Level,Si Compound,Si Compound Level,Si Compound Error,P Concentration,P Error1s,P Action Level,P Compound,P Compound Level,P Compound Error,S Concentration,S Error1s,S Action Level,S Compound,S Compound Level,S Compound Error,K Concentration,K Error1s,K Action Level,K Compound,K Compound Level,K Compound Error,Ca Concentration,Ca Error1s,Ca Action Level,Ca Compound,Ca Compound Level,Ca Compound Error,Ti Concentration,Ti Error1s,Ti Action Level,Ti Compound,Ti Compound Level,Ti Compound Error,V Concentration,V Error1s,V Action Level,V Compound,V Compound Level,V Compound Error,Cr Concentration,Cr Error1s,Cr Action Level,Cr Compound,Cr Compound Level,Cr Compound Error,Mn Concentration,Mn Error1s,Mn Action Level,Mn Compound,Mn Compound Level,Mn Compound Error,Fe Concentration,Fe Error1s,Fe Action Level,Fe Compound,Fe Compound Level,Fe Compound Error,Co Concentration,Co Error1s,Co Action Level,Co Compound,Co Compound Level,Co Compound Error,Ni Concentration,Ni Error1s,Ni Action Level,Ni Compound,Ni Compound Level,Ni Compound Error,Cu Concentration,Cu Error1s,Cu Action Level,Cu Compound,Cu Compound Level,Cu Compound Error,Zn Concentration,Zn Error1s,Zn Action Level,Zn Compound,Zn Compound Level,Zn Compound Error,As Concentration,As Error1s,As Action Level,As Compound,As Compound Level,As Compound Error,Se Concentration,Se Error1s,Se Action Level,Se Compound,Se Compound Level,Se Compound Error,Rb Concentration,Rb Error1s,Rb Action Level,Rb Compound,Rb Compound Level,Rb Compound Error,Sr Concentration,Sr Error1s,Sr Action Level,Sr Compound,Sr Compound Level,Sr Compound Error,Y Concentration,Y Error1s,Y Action Level,Y Compound,Y Compound Level,Y Compound Error,Zr Concentration,Zr Error1s,Zr Action Level,Zr Compound,Zr Compound Level,Zr Compound Error,Nb Concentration,Nb Error1s,Nb Action Level,Nb Compound,Nb Compound Level,Nb Compound Error,Mo Concentration,Mo Error1s,Mo Action Level,Mo Compound,Mo Compound Level,Mo Compound Error,Ag Concentration,Ag Error1s,Ag Action Level,Ag Compound,Ag Compound Level,Ag Compound Error,Cd Concentration,Cd Error1s,Cd Action Level,Cd Compound,Cd Compound Level,Cd Compound Error,Sn Concentration,Sn Error1s,Sn Action Level,Sn Compound,Sn Compound Level,Sn Compound Error,Sb Concentration,Sb Error1s,Sb Action Level,Sb Compound,Sb Compound Level,Sb Compound Error,Ba Concentration,Ba Error1s,Ba Action Level,Ba Compound,Ba Compound Level,Ba Compound Error,W Concentration,W Error1s,W Action Level,W Compound,W Compound Level,W Compound Error,Hg Concentration,Hg Error1s,Hg Action Level,Hg Compound,Hg Compound Level,Hg Compound Error,Pb Concentration,Pb Error1s,Pb Action Level,Pb Compound,Pb Compound Level,Pb Compound Error,Bi Concentration,Bi Error1s,Bi Action Level,Bi Compound,Bi Compound Level,Bi Compound Error,Th Concentration,Th Error1s,Th Action Level,Th Compound,Th Compound Level,Th Compound Error,U Concentration,U Error1s,U Action Level,U Compound,U Compound Level,U Compound Error,LE Concentration,LE Error1s,LE Action Level,LE Compound,LE Compound Level,LE Compound Error
1,16,5/17/20,12:29:10,Geochem(3-Beam),idvl,F09,33.59636684,-101.863792,No error ,Administrator,0,,%,<LOD,1.4436,,,,,3.20465,0.04426,,,,,20.04725,0.06301,,,,,0.07019,0.00353,,,,,0.11055,0.00406,,,,,1.06759,0.00498,,,,,0.71662,0.00344,,,,,0.2247,0.00886,,,,,<LOD,0.01079,,,,,<LOD,0.00507,,,,,0.02093,0.00112,,,,,1.30344,0.00567,,,,,<LOD,0.00605,,,,,0.00197,0.00036,,,,,0.00151,0.00025,,,,,0.02312,0.00034,,,,,0.00105,0.0002,,,,,<LOD,0.00026,,,,,0.00446,8.00E-05,,,,,0.00605,9.00E-05,,,,,0.00129,9.00E-05,,,,,0.03329,0.00019,,,,,0.0008,0.0001,,,,,0.00044,0.00014,,,,,<LOD,0.0023,,,,,<LOD,0.00264,,,,,<LOD,0.00364,,,,,<LOD,0.00468,,,,,<LOD,0.15234,,,,,<LOD,0.00165,,,,,<LOD,0.00098,,,,,0.02109,0.00025,,,,,<LOD,0.0029,,,,,<LOD,0.00135,,,,,<LOD,0.00079,,,,,73.139,0.08328,,,,
2,18,5/17/20,12:32:07,Geochem(3-Beam),idvl,E09,33.59638481,-101.8637121,No error ,Administrator,0,,%,0.755,0.14929,,,,,3.63029,0.03622,,,,,17.25602,0.05182,,,,,0.27228,0.0036,,,,,0.228,0.00317,,,,,0.95473,0.00381,,,,,1.42038,0.00458,,,,,0.22345,0.00678,,,,,<LOD,0.00858,,,,,0.00459,0.00089,,,,,0.03375,0.00097,,,,,1.43536,0.00528,,,,,<LOD,0.00499,,,,,0.00132,0.00026,,,,,0.00379,0.00021,,,,,0.03969,0.00035,,,,,0.00134,0.00011,,,,,<LOD,0.0002,,,,,0.00454,6.00E-05,,,,,0.00729,7.00E-05,,,,,0.00126,7.00E-05,,,,,0.02239,0.00013,,,,,0.00071,7.00E-05,,,,,<LOD,0.00056,,,,,<LOD,0.00174,,,,,<LOD,0.00198,,,,,<LOD,0.00272,,,,,<LOD,0.00348,,,,,<LOD,0.11825,,,,,<LOD,0.00143,,,,,<LOD,0.00074,,,,,0.00719,0.00013,,,,,0.00185,0.0004,,,,,<LOD,0.00102,,,,,<LOD,0.00059,,,,,73.69479,0.12855,,,,
3,20,5/17/20,12:35:56,Geochem(3-Beam),idvl,D09,33.59644468,-101.8636865,No error ,Administrator,0,,%,<LOD,1.3183,,,,,3.27567,0.04182,,,,,16.4831,0.05221,,,,,0.10047,0.00343,,,,,0.09999,0.00356,,,,,1.02907,0.0045,,,,,1.62244,0.00541,,,,,0.23303,0.00822,,,,,0.00845,0.00243,,,,,0.00392,0.00108,,,,,0.02523,0.0011,,,,,1.3722,0.00556,,,,,<LOD,0.00577,,,,,0.00176,0.00033,,,,,0.00275,0.00023,,,,,0.02407,0.00032,,,,,0.00077,0.00012,,,,,<LOD,0.00024,,,,,0.00504,8.00E-05,,,,,0.00715,9.00E-05,,,,,0.00126,8.00E-05,,,,,0.0263,0.00016,,,,,0.0006,9.00E-05,,,,,<LOD,0.0007,,,,,<LOD,0.00212,,,,,<LOD,0.00244,,,,,<LOD,0.00334,,,,,<LOD,0.0043,,,,,<LOD,0.14204,,,,,<LOD,0.00149,,,,,<LOD,0.00086,,,,,0.00678,0.00015,,,,,<LOD,0.00267,,,,,<LOD,0.00125,,,,,<LOD,0.00073,,,,,75.66997,0.07471,,,,
4,22,5/17/20,12:38:33,Geochem(3-Beam),idvl,C09,33.59650848,-101.863651,No error ,Administrator,0,,%,<LOD,1.49806,,,,,2.91174,0.03999,,,,,15.25397,0.04903,,,,,0.0926,0.00318,,,,,0.05136,0.00326,,,,,0.93834,0.00418,,,,,0.81523,0.00334,,,,,0.22064,0.00781,,,,,<LOD,0.00957,,,,,<LOD,0.00441,,,,,0.0254,0.00103,,,,,1.19012,0.00493,,,,,<LOD,0.00522,,,,,0.00114,0.00031,,,,,0.00193,0.00022,,,,,0.01973,0.00029,,,,,0.00053,0.00011,,,,,<LOD,0.00021,,,,,0.00419,7.00E-05,,,,,0.00574,8.00E-05,,,,,0.00106,8.00E-05,,,,,0.02238,0.00014,,,,,0.00063,9.00E-05,,,,,0.00044,0.00012,,,,,<LOD,0.00207,,,,,<LOD,0.00237,,,,,<LOD,0.00325,,,,,<LOD,0.00418,,,,,<LOD,0.13628,,,,,<LOD,0.00142,,,,,<LOD,0.00084,,,,,0.00563,0.00013,,,,,<LOD,0.00255,,,,,<LOD,0.0012,,,,,<LOD,0.0007,,,,,78.43722,0.06872,,,,
5,23,5/17/20,12:40:40,Geochem(3-Beam),idvl,C08,33.59646162,-101.8636172,No error ,Administrator,0,,%,<LOD,1.69516,,,,,2.05016,0.03926,,,,,8.84004,0.03509,,,,,0.18595,0.00366,,,,,0.22442,0.00366,,,,,1.74799,0.00628,,,,,1.84998,0.00613,,,,,0.19963,0.00728,,,,,<LOD,0.00933,,,,,<LOD,0.00426,,,,,0.02346,0.00099,,,,,1.18445,0.00504,,,,,<LOD,0.00528,,,,,<LOD,0.00149,,,,,0.00237,0.00022,,,,,0.01283,0.00024,,,,,0.00069,0.0001,,,,,<LOD,0.00021,,,,,0.00399,7.00E-05,,,,,0.00709,8.00E-05,,,,,0.00074,8.00E-05,,,,,0.01987,0.00014,,,,,0.00055,9.00E-05,,,,,<LOD,0.00067,,,,,<LOD,0.00203,,,,,<LOD,0.0023,,,,,<LOD,0.00313,,,,,<LOD,0.004,,,,,<LOD,0.12922,,,,,<LOD,0.00131,,,,,<LOD,0.00081,,,,,0.00394,0.00012,,,,,<LOD,0.00258,,,,,<LOD,0.00122,,,,,<LOD,0.00071,,,,,83.64186,0.06027,,,,
6,24,5/17/20,12:43:10,Geochem(3-Beam),idvl,D08,33.59643844,-101.8636211,No error ,Administrator,0,,%,<LOD,1.32737,,,,,2.04181,0.03633,,,,,8.45397,0.03243,,,,,0.23155,0.00379,,,,,0.28621,0.00368,,,,,1.49329,0.00534,,,,,3.35574,0.00965,,,,,0.197,0.0072,,,,,<LOD,0.0094,,,,,<LOD,0.00437,,,,,0.02583,0.001,,,,,1.29797,0.00521,,,,,<LOD,0.00542,,,,,0.00145,0.0003,,,,,0.0022,0.00021,,,,,0.01231,0.00023,,,,,0.00059,9.00E-05,,,,,<LOD,0.00021,,,,,0.00453,7.00E-05,,,,,0.00879,9.00E-05,,,,,0.00122,8.00E-05,,,,,0.0234,0.00014,,,,,0.00075,9.00E-05,,,,,<LOD,0.00065,,,,,<LOD,0.00199,,,,,<LOD,0.00227,,,,,<LOD,0.00311,,,,,<LOD,0.004,,,,,<LOD,0.12894,,,,,<LOD,0.00126,,,,,<LOD,0.00078,,,,,0.00312,0.00011,,,,,<LOD,0.00252,,,,,<LOD,0.00119,,,,,<LOD,0.0007,,,,,82.55827,0.05881,,,,
7,25,5/17/20,12:44:45,Geochem(3-Beam),idvl,E08,33.59644853,-101.8636993,No error ,Administrator,0,,%,<LOD,1.42504,,,,,3.5061,0.04402,,,,,15.78942,0.05215,,,,,0.10419,0.00349,,,,,0.08909,0.00366,,,,,1.12839,0.0049,,,,,1.22046,0.00453,,,,,0.25089,0.00824,,,,,<LOD,0.01068,,,,,<LOD,0.00484,,,,,0.02713,0.0011,,,,,1.65629,0.00648,,,,,<LOD,0.00648,,,,,0.00207,0.00035,,,,,0.00201,0.00022,,,,,0.01142,0.00024,,,,,0.0007,9.00E-05,,,,,<LOD,0.00023,,,,,0.0055,8.00E-05,,,,,0.00851,9.00E-05,,,,,0.00132,8.00E-05,,,,,0.02496,0.00016,,,,,0.00068,0.0001,,,,,0.00043,0.00013,,,,,<LOD,0.00215,,,,,<LOD,0.00246,,,,,<LOD,0.00338,,,,,<LOD,0.00431,,,,,<LOD,0.1473,,,,,<LOD,0.00133,,,,,<LOD,0.00085,,,,,0.00277,0.00011,,,,,<LOD,0.00273,,,,,0.00109,0.00024,,,,,<LOD,0.00075,,,,,76.16659,0.07628,,,,
8,27,5/17/20,12:47:36,Geochem(3-Beam),idvl,F08,33.5964839,-101.8636721,No error ,Administrator,0,,%,<LOD,1.6923,,,,,2.351,0.0391,,,,,12.31959,0.04383,,,,,0.21401,0.00398,,,,,0.24803,0.00403,,,,,0.98419,0.00442,,,,,1.39363,0.00492,,,,,0.16687,0.0075,,,,,<LOD,0.00949,,,,,<LOD,0.00436,,,,,0.02521,0.00102,,,,,1.10508,0.00483,,,,,<LOD,0.00513,,,,,0.00101,0.00031,,,,,0.00163,0.00022,,,,,0.01107,0.00023,,,,,0.00056,9.00E-05,,,,,<LOD,0.00022,,,,,0.00404,7.00E-05,,,,,0.00651,8.00E-05,,,,,0.00105,8.00E-05,,,,,0.02142,0.00014,,,,,0.00056,9.00E-05,,,,,<LOD,0.00068,,,,,<LOD,0.00209,,,,,<LOD,0.0024,,,,,<LOD,0.00326,,,,,<LOD,0.00418,,,,,<LOD,0.13483,,,,,<LOD,0.00135,,,,,<LOD,0.00082,,,,,0.0037,0.00012,,,,,<LOD,0.00262,,,,,<LOD,0.00123,,,,,<LOD,0.00072,,,,,81.14085,0.06524,,,,
9,29,5/17/20,12:50:46,Geochem(3-Beam),idvl,F07,33.59648788,-101.8637331,No error ,Administrator,0,,%,0.68957,0.17635,,,,,2.1111,0.03307,,,,,9.34457,0.03612,,,,,0.21228,0.00328,,,,,0.24742,0.00323,,,,,0.8986,0.00389,,,,,1.37282,0.00486,,,,,0.17568,0.00634,,,,,<LOD,0.00802,,,,,<LOD,0.00369,,,,,0.02583,0.0009,,,,,1.07584,0.00455,,,,,<LOD,0.00441,,,,,0.00106,0.00026,,,,,0.00194,0.00018,,,,,0.01541,0.00022,,,,,0.00059,8.00E-05,,,,,<LOD,0.00019,,,,,0.004,6.00E-05,,,,,0.00618,7.00E-05,,,,,0.00118,7.00E-05,,,,,0.02128,0.00013,,,,,0.00061,7.00E-05,,,,,<LOD,0.00056,,,,,<LOD,0.00175,,,,,<LOD,0.00199,,,,,<LOD,0.00272,,,,,<LOD,0.00349,,,,,0.03353,0.01035,,,,,<LOD,0.00114,,,,,<LOD,0.00068,,,,,0.0035,0.0001,,,,,0.00185,0.00039,,,,,<LOD,0.00103,,,,,<LOD,0.0006,,,,,83.75513,0.15781,,,,
10,31,5/17/20,12:53:38,Geochem(3-Beam),idvl,E07,33.59648082,-101.8637037,No error ,Administrator,0,,%,<LOD,0.96112,,,,,3.81588,0.03807,,,,,18.14384,0.04903,,,,,0.08908,0.0028,,,,,0.05276,0.00278,,,,,1.16297,0.00422,,,,,1.0929,0.00361,,,,,0.27449,0.00736,,,,,<LOD,0.0093,,,,,0.00658,0.00098,,,,,0.0235,0.00096,,,,,1.50901,0.00526,,,,,<LOD,0.00541,,,,,0.00168,0.00029,,,,,0.00176,0.0002,,,,,0.00872,0.00019,,,,,0.00059,8.00E-05,,,,,<LOD,0.0002,,,,,0.00532,7.00E-05,,,,,0.00701,8.00E-05,,,,,0.00153,7.00E-05,,,,,0.0295,0.00015,,,,,0.00072,8.00E-05,,,,,<LOD,0.00061,,,,,<LOD,0.00186,,,,,<LOD,0.00213,,,,,<LOD,0.00293,,,,,<LOD,0.00377,,,,,0.0353,0.01139,,,,,<LOD,0.00114,,,,,<LOD,0.00071,,,,,0.0032,0.0001,,,,,<LOD,0.00233,,,,,<LOD,0.0011,,,,,<LOD,0.00065,,,,,73.73367,0.06943,,,,
11,32,5/17/20,12:56:56,Geochem(3-Beam),idvl,D07,33.59643622,-101.8636743,No error ,Administrator,0,,%,<LOD,1.29217,,,,,3.27143,0.04092,,,,,14.27309,0.04664,,,,,0.09642,0.00324,,,,,0.1077,0.00341,,,,,1.1073,0.00457,,,,,1.84603,0.00589,,,,,0.26321,0.00793,,,,,<LOD,0.01027,,,,,<LOD,0.00458,,,,,0.02545,0.00105,,,,,1.61883,0.00614,,,,,<LOD,0.00617,,,,,0.00169,0.00032,,,,,0.00194,0.00022,,,,,0.00727,0.0002,,,,,0.00055,8.00E-05,,,,,<LOD,0.00022,,,,,0.0058,8.00E-05,,,,,0.00894,9.00E-05,,,,,0.00158,8.00E-05,,,,,0.03133,0.00017,,,,,0.00096,9.00E-05,,,,,0.00047,0.00012,,,,,<LOD,0.00205,,,,,<LOD,0.00235,,,,,<LOD,0.00323,,,,,<LOD,0.00415,,,,,<LOD,0.13935,,,,,<LOD,0.00125,,,,,<LOD,0.00084,,,,,0.00221,0.0001,,,,,<LOD,0.00259,,,,,<LOD,0.00122,,,,,<LOD,0.00072,,,,,77.3278,0.07078,,,,
12,33,5/17/20,12:58:46,Geochem(3-Beam),idvl,C07,33.59648377,-101.8636238,No error ,Administrator,0,,%,<LOD,1.85168,,,,,3.25547,0.04484,,,,,9.71326,0.03892,,,,,0.19564,0.00402,,,,,0.24272,0.00411,,,,,0.82741,0.00415,,,,,1.83048,0.00621,,,,,0.17254,0.00737,,,,,<LOD,0.00973,,,,,<LOD,0.00452,,,,,0.02887,0.00108,,,,,1.21783,0.00529,,,,,<LOD,0.00552,,,,,0.00124,0.00032,,,,,0.00403,0.00024,,,,,0.01522,0.00026,,,,,0.00055,9.00E-05,,,,,<LOD,0.00022,,,,,0.00402,7.00E-05,,,,,0.00754,9.00E-05,,,,,0.00095,8.00E-05,,,,,0.01904,0.00014,,,,,0.00042,9.00E-05,,,,,<LOD,0.0007,,,,,<LOD,0.00208,,,,,<LOD,0.00237,,,,,<LOD,0.00322,,,,,<LOD,0.00411,,,,,<LOD,0.13317,,,,,<LOD,0.00138,,,,,<LOD,0.00081,,,,,0.00274,0.00011,,,,,<LOD,0.00272,,,,,0.00141,0.00024,,,,,0.00035,0.0001,,,,,82.45826,0.06641,,,,
13,34,5/17/20,13:00:54,Geochem(3-Beam),idvl,C06,33.59647459,-101.8636383,No error ,Administrator,0,,%,<LOD,1.24982,,,,,3.25174,0.04043,,,,,16.32522,0.0506,,,,,0.09956,0.00329,,,,,0.10234,0.00341,,,,,1.0978,0.00455,,,,,1.56823,0.00516,,,,,0.22541,0.00785,,,,,<LOD,0.01013,,,,,<LOD,0.00453,,,,,0.02508,0.00104,,,,,1.40428,0.00553,,,,,<LOD,0.00571,,,,,0.0014,0.00032,,,,,0.00209,0.00022,,,,,0.00888,0.00021,,,,,0.00057,0.0001,,,,,<LOD,0.00023,,,,,0.00501,8.00E-05,,,,,0.00764,9.00E-05,,,,,0.00157,8.00E-05,,,,,0.03013,0.00016,,,,,0.00066,9.00E-05,,,,,<LOD,0.00068,,,,,<LOD,0.00207,,,,,<LOD,0.00236,,,,,<LOD,0.00325,,,,,<LOD,0.00417,,,,,<LOD,0.13787,,,,,<LOD,0.00128,,,,,<LOD,0.00082,,,,,0.00422,0.00012,,,,,<LOD,0.00261,,,,,<LOD,0.00123,,,,,<LOD,0.00072,,,,,75.83817,0.07253,,,,
14,35,5/17/20,13:02:33,Geochem(3-Beam),idvl,D06,33.59656698,-101.8637004,No error ,Administrator,0,,%,0.82626,0.20729,,,,,3.22604,0.04152,,,,,13.70146,0.05351,,,,,0.12928,0.00343,,,,,0.13089,0.00347,,,,,1.0608,0.00497,,,,,1.65683,0.00637,,,,,0.24147,0.00783,,,,,<LOD,0.00991,,,,,<LOD,0.00448,,,,,0.02757,0.00102,,,,,1.41952,0.00631,,,,,<LOD,0.00569,,,,,0.00104,0.00031,,,,,0.0017,0.00022,,,,,0.00867,0.00021,,,,,0.00069,9.00E-05,,,,,<LOD,0.00022,,,,,0.0046,7.00E-05,,,,,0.0068,8.00E-05,,,,,0.0012,8.00E-05,,,,,0.02774,0.00017,,,,,0.00058,9.00E-05,,,,,<LOD,0.00067,,,,,<LOD,0.00206,,,,,<LOD,0.00234,,,,,0.00219,0.00056,,,,,<LOD,0.0041,,,,,<LOD,0.13443,,,,,<LOD,0.00124,,,,,<LOD,0.00081,,,,,0.00333,0.00011,,,,,<LOD,0.00259,,,,,<LOD,0.00122,,,,,<LOD,0.00072,,,,,77.52131,0.17649,,,,
15,36,5/17/20,13:04:21,Geochem(3-Beam),idvl,E06,33.59655861,-101.8635273,No error ,Administrator,0,,%,<LOD,1.20185,,,,,3.65846,0.04058,,,,,14.38005,0.04474,,,,,0.12065,0.0032,,,,,0.18355,0.00343,,,,,1.03311,0.00418,,,,,1.60401,0.00503,,,,,0.21695,0.0074,,,,,<LOD,0.00954,,,,,<LOD,0.00426,,,,,0.02549,0.00099,,,,,1.39401,0.00528,,,,,<LOD,0.00542,,,,,0.00124,0.0003,,,,,0.00178,0.00021,,,,,0.00856,0.0002,,,,,0.00058,8.00E-05,,,,,<LOD,0.00021,,,,,0.00441,7.00E-05,,,,,0.00642,8.00E-05,,,,,0.00115,7.00E-05,,,,,0.02195,0.00014,,,,,0.00069,8.00E-05,,,,,<LOD,0.00063,,,,,<LOD,0.00195,,,,,<LOD,0.00222,,,,,<LOD,0.00304,,,,,<LOD,0.00389,,,,,<LOD,0.13169,,,,,<LOD,0.00119,,,,,<LOD,0.00074,,,,,0.00229,0.0001,,,,,<LOD,0.00244,,,,,<LOD,0.00116,,,,,<LOD,0.00067,,,,,77.33465,0.06784,,,,
16,37,5/17/20,13:09:10,Geochem(3-Beam),idvl,F06,33.59654335,-101.8637337,No error ,Administrator,0,,%,<LOD,2.27081,,,,,1.21341,0.03242,,,,,5.87922,0.02672,,,,,0.21951,0.00359,,,,,0.24483,0.00358,,,,,0.95858,0.00406,,,,,1.45014,0.00485,,,,,0.11839,0.00624,,,,,<LOD,0.00779,,,,,<LOD,0.00373,,,,,0.0236,0.00089,,,,,0.86142,0.00385,,,,,0.00291,0.00085,,,,,<LOD,0.00134,,,,,0.00193,0.00019,,,,,0.01031,0.0002,,,,,0.00034,8.00E-05,,,,,<LOD,0.0002,,,,,0.00335,6.00E-05,,,,,0.00628,7.00E-05,,,,,0.00089,7.00E-05,,,,,0.01694,0.00012,,,,,0.00046,8.00E-05,,,,,0.00041,0.00011,,,,,<LOD,0.00186,,,,,<LOD,0.00211,,,,,<LOD,0.00287,,,,,<LOD,0.00366,,,,,<LOD,0.11305,,,,,<LOD,0.00115,,,,,<LOD,0.00071,,,,,0.00258,0.0001,,,,,<LOD,0.00242,,,,,<LOD,0.00114,,,,,<LOD,0.00067,,,,,88.98452,0.04649,,,,
17,38,5/17/20,13:11:32,Geochem(3-Beam),idvl,F05,33.59654983,-101.8637442,No error ,Administrator,0,,%,<LOD,1.67872,,,,,2.08088,0.0385,,,,,9.28668,0.03741,,,,,0.16889,0.00381,,,,,0.24257,0.00395,,,,,0.93133,0.00434,,,,,2.63473,0.00842,,,,,0.18039,0.00765,,,,,<LOD,0.01019,,,,,<LOD,0.00467,,,,,0.02802,0.00108,,,,,1.40989,0.00589,,,,,<LOD,0.00598,,,,,0.00131,0.00033,,,,,0.00151,0.00023,,,,,0.00907,0.00022,,,,,0.00055,8.00E-05,,,,,<LOD,0.00022,,,,,0.00463,8.00E-05,,,,,0.00855,9.00E-05,,,,,0.00102,8.00E-05,,,,,0.02268,0.00015,,,,,0.0008,9.00E-05,,,,,<LOD,0.0007,,,,,<LOD,0.00212,,,,,<LOD,0.00242,,,,,<LOD,0.00331,,,,,<LOD,0.00423,,,,,<LOD,0.14039,,,,,<LOD,0.00136,,,,,<LOD,0.00083,,,,,0.00211,0.0001,,,,,<LOD,0.00268,,,,,<LOD,0.00127,,,,,<LOD,0.00074,,,,,82.9844,0.06276,,,,
18,39,5/17/20,13:13:25,Geochem(3-Beam),idvl,E05,33.59653699,-101.8637714,No error ,Administrator,0,,%,<LOD,1.70119,,,,,1.8753,0.03634,,,,,7.51417,0.03075,,,,,0.15245,0.0033,,,,,0.2911,0.00372,,,,,1.37068,0.00514,,,,,1.81094,0.00581,,,,,0.16775,0.00672,,,,,<LOD,0.00876,,,,,<LOD,0.00414,,,,,0.02425,0.00095,,,,,1.21012,0.00492,,,,,<LOD,0.00514,,,,,0.00103,0.00029,,,,,0.00192,0.00021,,,,,0.01065,0.00021,,,,,0.0006,8.00E-05,,,,,<LOD,0.0002,,,,,0.00416,7.00E-05,,,,,0.00701,8.00E-05,,,,,0.00086,7.00E-05,,,,,0.01836,0.00013,,,,,0.00058,8.00E-05,,,,,<LOD,0.00063,,,,,<LOD,0.00191,,,,,<LOD,0.00217,,,,,<LOD,0.00295,,,,,<LOD,0.00376,,,,,<LOD,0.12159,,,,,<LOD,0.00121,,,,,<LOD,0.00073,,,,,0.00279,0.0001,,,,,<LOD,0.00249,,,,,0.00082,0.00022,,,,,<LOD,0.00068,,,,,85.53447,0.05427,,,,
19,40,5/17/20,13:15:02,Geochem(3-Beam),idvl,D05,33.59665831,-101.8637153,No error ,Administrator,0,,%,0.65661,0.17448,,,,,3.21906,0.03795,,,,,13.51738,0.04792,,,,,0.14203,0.00321,,,,,0.15625,0.00314,,,,,1.03397,0.00441,,,,,2.16112,0.00723,,,,,0.22544,0.00719,,,,,<LOD,0.00926,,,,,0.00368,0.00095,,,,,0.0255,0.00099,,,,,1.45551,0.00589,,,,,<LOD,0.00542,,,,,0.0015,0.00029,,,,,0.00185,0.0002,,,,,0.0099,0.0002,,,,,0.0008,8.00E-05,,,,,<LOD,0.00021,,,,,0.00471,7.00E-05,,,,,0.00763,8.00E-05,,,,,0.00125,7.00E-05,,,,,0.02468,0.00015,,,,,0.00072,8.00E-05,,,,,<LOD,0.00062,,,,,<LOD,0.00189,,,,,<LOD,0.00215,,,,,<LOD,0.00295,,,,,<LOD,0.00379,,,,,0.04095,0.01146,,,,,<LOD,0.00119,,,,,<LOD,0.00074,,,,,0.00276,0.0001,,,,,0.00157,0.00043,,,,,<LOD,0.00111,,,,,<LOD,0.00066,,,,,77.30514,0.15091,,,,
20,41,5/17/20,13:16:53,Geochem(3-Beam),idvl,C05,33.59655944,-101.8636427,No error ,Administrator,0,,%,<LOD,1.13323,,,,,2.60996,0.03486,,,,,9.07698,0.03177,,,,,0.17137,0.00326,,,,,0.22031,0.00313,,,,,0.9408,0.00366,,,,,3.55238,0.00943,,,,,0.19244,0.00677,,,,,<LOD,0.00902,,,,,0.00382,0.00091,,,,,0.03525,0.00098,,,,,1.47209,0.00532,,,,,<LOD,0.00536,,,,,0.00101,0.00027,,,,,0.00306,0.0002,,,,,0.01359,0.00022,,,,,0.00081,9.00E-05,,,,,<LOD,0.0002,,,,,0.00437,7.00E-05,,,,,0.01112,9.00E-05,,,,,0.00111,7.00E-05,,,,,0.01973,0.00013,,,,,0.0006,8.00E-05,,,,,<LOD,0.00059,,,,,<LOD,0.00178,,,,,<LOD,0.00202,,,,,<LOD,0.00274,,,,,<LOD,0.00349,,,,,0.03761,0.01106,,,,,<LOD,0.00115,,,,,<LOD,0.00071,,,,,0.00384,0.00011,,,,,<LOD,0.00231,,,,,<LOD,0.00109,,,,,<LOD,0.00065,,,,,81.62775,0.05758,,,,
21,42,5/17/20,13:18:28,Geochem(3-Beam),idvl,C04,33.59663024,-101.8635655,No error ,Administrator,0,,%,<LOD,1.19814,,,,,2.06473,0.03284,,,,,6.48321,0.02546,,,,,0.17998,0.00315,,,,,0.18818,0.00289,,,,,1.11401,0.004,,,,,3.35063,0.00891,,,,,0.12965,0.00612,,,,,<LOD,0.00812,,,,,0.00281,0.00085,,,,,0.02568,0.00089,,,,,1.15656,0.00442,,,,,<LOD,0.00468,,,,,0.001,0.00026,,,,,0.0023,0.00019,,,,,0.01197,0.0002,,,,,0.0006,8.00E-05,,,,,<LOD,0.00019,,,,,0.00417,6.00E-05,,,,,0.00994,8.00E-05,,,,,0.00112,7.00E-05,,,,,0.01753,0.00012,,,,,0.00079,8.00E-05,,,,,<LOD,0.00057,,,,,<LOD,0.00177,,,,,<LOD,0.00201,,,,,<LOD,0.00274,,,,,<LOD,0.00352,,,,,<LOD,0.11432,,,,,<LOD,0.00114,,,,,<LOD,0.0007,,,,,0.00334,0.0001,,,,,0.00271,0.0004,,,,,<LOD,0.00104,,,,,<LOD,0.00061,,,,,85.24909,0.04939,,,,
22,43,5/17/20,13:21:17,Geochem(3-Beam),idvl,D04,33.59662274,-101.8635655,No error ,Administrator,0,,%,<LOD,1.4035,,,,,2.44816,0.03866,,,,,8.77077,0.03442,,,,,0.21251,0.00383,,,,,0.19495,0.00355,,,,,1.19971,0.00479,,,,,3.08085,0.00925,,,,,0.18056,0.00734,,,,,<LOD,0.00981,,,,,<LOD,0.00464,,,,,0.02713,0.00106,,,,,1.44066,0.00578,,,,,<LOD,0.0059,,,,,0.00127,0.00031,,,,,0.00232,0.00023,,,,,0.01146,0.00023,,,,,0.0006,0.0001,,,,,<LOD,0.00022,,,,,0.00491,8.00E-05,,,,,0.00883,9.00E-05,,,,,0.00126,8.00E-05,,,,,0.02304,0.00015,,,,,0.00065,9.00E-05,,,,,<LOD,0.00067,,,,,<LOD,0.00206,,,,,<LOD,0.00235,,,,,<LOD,0.00322,,,,,<LOD,0.00413,,,,,<LOD,0.1363,,,,,<LOD,0.00131,,,,,<LOD,0.00083,,,,,0.00381,0.00012,,,,,<LOD,0.0026,,,,,<LOD,0.00123,,,,,<LOD,0.00073,,,,,82.38656,0.06171,,,,
23,44,5/17/20,13:22:50,Geochem(3-Beam),idvl,E04,33.59654367,-101.863656,No error ,Administrator,0,,%,<LOD,1.66432,,,,,1.85261,0.03347,,,,,6.8021,0.02697,,,,,0.1299,0.00286,,,,,0.1582,0.00295,,,,,1.19242,0.00431,,,,,1.52283,0.00468,,,,,0.10035,0.00559,,,,,<LOD,0.00719,,,,,<LOD,0.00348,,,,,0.03526,0.00094,,,,,0.99153,0.00396,,,,,<LOD,0.00427,,,,,<LOD,0.00119,,,,,0.00163,0.00017,,,,,0.01744,0.00023,,,,,0.00027,7.00E-05,,,,,<LOD,0.00017,,,,,0.00278,5.00E-05,,,,,0.00664,7.00E-05,,,,,0.00065,7.00E-05,,,,,0.01226,0.0001,,,,,0.00046,8.00E-05,,,,,<LOD,0.00057,,,,,<LOD,0.00168,,,,,<LOD,0.0019,,,,,<LOD,0.00257,,,,,<LOD,0.00327,,,,,<LOD,0.10405,,,,,<LOD,0.0011,,,,,<LOD,0.00063,,,,,0.00185,8.00E-05,,,,,<LOD,0.00227,,,,,0.00083,0.0002,,,,,0.00033,8.00E-05,,,,,87.16966,0.04762,,,,
24,45,5/17/20,13:24:53,Geochem(3-Beam),idvl,F04,33.59656978,-101.863666,No error ,Administrator,0,,%,<LOD,1.76672,,,,,1.3345,0.03385,,,,,5.52762,0.02573,,,,,0.24827,0.00379,,,,,0.36945,0.00399,,,,,1.28155,0.00495,,,,,2.35843,0.00734,,,,,0.15053,0.00669,,,,,<LOD,0.00872,,,,,<LOD,0.0042,,,,,0.03355,0.00104,,,,,1.21841,0.00499,,,,,<LOD,0.00521,,,,,0.00104,0.00029,,,,,0.00244,0.00021,,,,,0.01423,0.00024,,,,,0.00065,8.00E-05,,,,,<LOD,0.0002,,,,,0.00417,7.00E-05,,,,,0.00862,9.00E-05,,,,,0.001,7.00E-05,,,,,0.01922,0.00013,,,,,0.00058,9.00E-05,,,,,<LOD,0.00064,,,,,<LOD,0.00192,,,,,<LOD,0.00218,,,,,<LOD,0.00297,,,,,<LOD,0.00379,,,,,<LOD,0.12559,,,,,<LOD,0.00124,,,,,<LOD,0.00076,,,,,0.0027,0.0001,,,,,<LOD,0.00249,,,,,<LOD,0.00118,,,,,<LOD,0.0007,,,,,87.42303,0.04974,,,,
25,46,5/17/20,13:28:52,Geochem(3-Beam),idvl,F03,33.59662455,-101.8637509,No error ,Administrator,0,,%,<LOD,2.16088,,,,,0.79065,0.03207,,,,,4.94552,0.02493,,,,,0.13011,0.00331,,,,,0.57549,0.00473,,,,,1.13258,0.00471,,,,,2.14307,0.00686,,,,,0.07053,0.00579,,,,,<LOD,0.00742,,,,,<LOD,0.00373,,,,,0.02009,0.00087,,,,,0.5956,0.00317,,,,,0.00499,0.00076,,,,,<LOD,0.00135,,,,,0.00265,0.0002,,,,,0.0131,0.00022,,,,,0.00032,9.00E-05,,,,,<LOD,0.0002,,,,,0.00274,6.00E-05,,,,,0.00747,8.00E-05,,,,,0.00054,7.00E-05,,,,,0.01322,0.00012,,,,,0.00038,9.00E-05,,,,,<LOD,0.00065,,,,,<LOD,0.00191,,,,,<LOD,0.00217,,,,,<LOD,0.00292,,,,,<LOD,0.00371,,,,,<LOD,0.10735,,,,,<LOD,0.00121,,,,,<LOD,0.00071,,,,,0.00403,0.00011,,,,,<LOD,0.00255,,,,,0.00111,0.00022,,,,,<LOD,0.00071,,,,,89.54583,0.04576,,,,
26,47,5/17/20,13:30:37,Geochem(3-Beam),idvl,E03,33.59657909,-101.8636998,No error ,Administrator,0,,%,<LOD,1.43396,,,,,2.40093,0.03692,,,,,9.06536,0.03429,,,,,0.1538,0.00341,,,,,0.1551,0.00327,,,,,0.95779,0.00401,,,,,2.851,0.00839,,,,,0.19815,0.00726,,,,,<LOD,0.00956,,,,,<LOD,0.00432,,,,,0.03363,0.00103,,,,,1.43069,0.00557,,,,,<LOD,0.00566,,,,,<LOD,0.00144,,,,,0.00296,0.00023,,,,,0.03549,0.00037,,,,,0.00119,0.00012,,,,,<LOD,0.00022,,,,,0.00451,7.00E-05,,,,,0.01079,0.0001,,,,,0.00108,8.00E-05,,,,,0.02012,0.00014,,,,,0.00048,9.00E-05,,,,,<LOD,0.00064,,,,,<LOD,0.00197,,,,,<LOD,0.00224,,,,,<LOD,0.00307,,,,,<LOD,0.00393,,,,,<LOD,0.13305,,,,,<LOD,0.00154,,,,,<LOD,0.00081,,,,,0.00698,0.00014,,,,,<LOD,0.00252,,,,,<LOD,0.00119,,,,,<LOD,0.0007,,,,,82.66994,0.05942,,,,
27,48,5/17/20,13:32:24,Geochem(3-Beam),idvl,D03,33.59655841,-101.8636532,No error ,Administrator,0,,%,<LOD,1.04356,,,,,3.66935,0.03995,,,,,16.77591,0.04921,,,,,0.12015,0.00322,,,,,0.08027,0.00308,,,,,1.28005,0.00474,,,,,1.66676,0.00516,,,,,0.25567,0.00781,,,,,<LOD,0.00991,,,,,0.00631,0.00104,,,,,0.02653,0.00102,,,,,1.54384,0.00567,,,,,<LOD,0.0058,,,,,0.00152,0.00031,,,,,0.00237,0.00022,,,,,0.01133,0.00022,,,,,0.00073,0.0001,,,,,<LOD,0.00021,,,,,0.00527,7.00E-05,,,,,0.0084,9.00E-05,,,,,0.00133,8.00E-05,,,,,0.02657,0.00015,,,,,0.00076,9.00E-05,,,,,<LOD,0.00065,,,,,<LOD,0.00199,,,,,<LOD,0.00226,,,,,<LOD,0.0031,,,,,<LOD,0.00398,,,,,<LOD,0.13575,,,,,<LOD,0.00128,,,,,<LOD,0.0008,,,,,0.0047,0.00012,,,,,<LOD,0.00249,,,,,<LOD,0.00117,,,,,<LOD,0.00069,,,,,74.51219,0.07184,,,,
28,49,5/17/20,13:34:10,Geochem(3-Beam),idvl,C03,33.59650626,-101.8635661,No error ,Administrator,0,,%,0.59086,0.13616,,,,,4.19133,0.03724,,,,,19.54126,0.0552,,,,,0.15669,0.00308,,,,,0.08388,0.00267,,,,,1.14463,0.00423,,,,,1.60949,0.00495,,,,,0.23167,0.00697,,,,,<LOD,0.00865,,,,,0.00306,0.00088,,,,,0.02643,0.00092,,,,,1.38452,0.00509,,,,,<LOD,0.00497,,,,,0.00102,0.00027,,,,,0.00198,0.00019,,,,,0.01133,0.0002,,,,,0.00058,9.00E-05,,,,,<LOD,0.00019,,,,,0.00476,6.00E-05,,,,,0.00714,7.00E-05,,,,,0.0013,7.00E-05,,,,,0.02346,0.00013,,,,,0.0007,8.00E-05,,,,,<LOD,0.00057,,,,,<LOD,0.00179,,,,,<LOD,0.00204,,,,,<LOD,0.0028,,,,,<LOD,0.00359,,,,,0.03591,0.01104,,,,,<LOD,0.00117,,,,,<LOD,0.00072,,,,,0.0048,0.00011,,,,,0.00299,0.0004,,,,,<LOD,0.00103,,,,,<LOD,0.0006,,,,,70.94022,0.11916,,,,
29,50,5/17/20,13:35:27,Geochem(3-Beam),idvl,C02,33.59657773,-101.8636366,No error ,Administrator,0,,%,0.51993,0.16663,,,,,3.84875,0.03994,,,,,19.36564,0.062,,,,,0.09574,0.00303,,,,,0.05618,0.00301,,,,,1.1562,0.0048,,,,,1.11385,0.00424,,,,,0.26667,0.00795,,,,,<LOD,0.01001,,,,,0.00313,0.001,,,,,0.02559,0.00103,,,,,1.45779,0.00587,,,,,<LOD,0.00552,,,,,0.00095,0.0003,,,,,0.0036,0.00022,,,,,0.0107,0.00022,,,,,0.00065,0.0001,,,,,<LOD,0.00021,,,,,0.00504,7.00E-05,,,,,0.00775,8.00E-05,,,,,0.00143,8.00E-05,,,,,0.03425,0.00018,,,,,0.00075,9.00E-05,,,,,<LOD,0.00065,,,,,<LOD,0.00196,,,,,<LOD,0.00224,,,,,<LOD,0.00308,,,,,<LOD,0.00395,,,,,<LOD,0.1364,,,,,<LOD,0.00126,,,,,<LOD,0.0008,,,,,0.00502,0.00012,,,,,<LOD,0.00249,,,,,<LOD,0.00117,,,,,<LOD,0.00068,,,,,72.02042,0.14135,,,,
30,51,5/17/20,13:37:05,Geochem(3-Beam),idvl,D02,33.59661934,-101.8636748,No error ,Administrator,0,,%,<LOD,1.03483,,,,,3.73203,0.04187,,,,,22.37253,0.06274,,,,,0.0673,0.00327,,,,,0.02684,0.00346,,,,,1.19779,0.00495,,,,,1.02524,0.00393,,,,,0.30998,0.00883,,,,,<LOD,0.01083,,,,,0.00422,0.00112,,,,,0.02158,0.00106,,,,,1.45287,0.00575,,,,,<LOD,0.00605,,,,,0.00188,0.00034,,,,,0.00298,0.00025,,,,,0.0097,0.00023,,,,,0.00064,0.00012,,,,,<LOD,0.00023,,,,,0.00543,8.00E-05,,,,,0.00919,0.0001,,,,,0.00172,9.00E-05,,,,,0.04218,0.0002,,,,,0.00083,0.0001,,,,,<LOD,0.00073,,,,,<LOD,0.00216,,,,,<LOD,0.00245,,,,,0.00239,0.00059,,,,,<LOD,0.00433,,,,,<LOD,0.14467,,,,,<LOD,0.00137,,,,,<LOD,0.00088,,,,,0.00605,0.00014,,,,,<LOD,0.00277,,,,,<LOD,0.0013,,,,,<LOD,0.00077,,,,,69.70663,0.08283,,,,
31,52,5/17/20,13:38:23,Geochem(3-Beam),idvl,E02,33.59670586,-101.8636648,No error ,Administrator,0,,%,<LOD,1.25073,,,,,3.81005,0.04338,,,,,18.00649,0.05557,,,,,0.06462,0.00307,,,,,0.01766,0.00323,,,,,1.21662,0.005,,,,,0.69258,0.00318,,,,,0.35978,0.00904,,,,,<LOD,0.01165,,,,,0.00555,0.00113,,,,,0.02346,0.0011,,,,,1.6698,0.00639,,,,,<LOD,0.0064,,,,,0.00207,0.00034,,,,,0.00239,0.00024,,,,,0.01149,0.00024,,,,,<LOD,0.00063,,,,,<LOD,0.00023,,,,,0.00575,8.00E-05,,,,,0.00769,9.00E-05,,,,,0.00172,9.00E-05,,,,,0.03896,0.00019,,,,,0.00084,0.0001,,,,,<LOD,0.00071,,,,,<LOD,0.00214,,,,,<LOD,0.00247,,,,,<LOD,0.00341,,,,,<LOD,0.00438,,,,,<LOD,0.15317,,,,,0.001,0.00026,,,,,<LOD,0.00088,,,,,0.0072,0.00015,,,,,<LOD,0.0027,,,,,<LOD,0.00127,,,,,<LOD,0.00075,,,,,74.05428,0.07818,,,,
32,53,5/17/20,13:40:14,Geochem(3-Beam),idvl,F02,33.59659701,-101.8637004,No error ,Administrator,0,,%,<LOD,1.42784,,,,,2.67846,0.03933,,,,,14.01071,0.04766,,,,,0.11067,0.0035,,,,,0.10659,0.00351,,,,,0.7743,0.00389,,,,,1.94634,0.00632,,,,,0.17076,0.00773,,,,,<LOD,0.00982,,,,,<LOD,0.00459,,,,,0.02306,0.00105,,,,,1.08895,0.00485,,,,,<LOD,0.00518,,,,,0.00145,0.00033,,,,,0.00176,0.00022,,,,,0.00956,0.00022,,,,,0.00078,0.0001,,,,,<LOD,0.00023,,,,,0.0038,7.00E-05,,,,,0.00898,9.00E-05,,,,,0.00101,8.00E-05,,,,,0.01783,0.00014,,,,,0.00054,9.00E-05,,,,,0.00044,0.00012,,,,,<LOD,0.00215,,,,,<LOD,0.00245,,,,,<LOD,0.00337,,,,,<LOD,0.00432,,,,,<LOD,0.13732,,,,,<LOD,0.00134,,,,,<LOD,0.00084,,,,,0.00442,0.00013,,,,,<LOD,0.00269,,,,,<LOD,0.00127,,,,,<LOD,0.00074,,,,,79.03959,0.06915,,,,
33,54,5/17/20,13:43:35,Geochem(3-Beam),idvl,F01,33.59671768,-101.8636482,No error ,Administrator,0,,%,0.88602,0.12483,,,,,3.99879,0.03445,,,,,18.72534,0.05021,,,,,0.11337,0.0026,,,,,0.09993,0.00248,,,,,1.06781,0.00377,,,,,1.37581,0.00411,,,,,0.21362,0.00642,,,,,<LOD,0.0081,,,,,0.0054,0.00085,,,,,0.02553,0.00086,,,,,1.3311,0.00465,,,,,<LOD,0.00457,,,,,0.00199,0.00025,,,,,0.00225,0.00018,,,,,0.02557,0.00027,,,,,0.00067,8.00E-05,,,,,<LOD,0.00018,,,,,0.00457,6.00E-05,,,,,0.01065,8.00E-05,,,,,0.00135,6.00E-05,,,,,0.0259,0.00013,,,,,0.00065,7.00E-05,,,,,<LOD,0.00053,,,,,0.00092,0.0003,,,,,<LOD,0.00187,,,,,<LOD,0.00256,,,,,<LOD,0.00328,,,,,0.04055,0.01024,,,,,<LOD,0.00122,,,,,<LOD,0.00068,,,,,0.00435,0.0001,,,,,0.00348,0.00037,,,,,<LOD,0.00097,,,,,<LOD,0.00057,,,,,72.03439,0.11079,,,,
34,55,5/17/20,13:45:35,Geochem(3-Beam),idvl,E01,33.59680782,-101.8637058,No error ,Administrator,0,,%,<LOD,1.16181,,,,,3.56644,0.04233,,,,,20.15045,0.05952,,,,,0.08977,0.00342,,,,,0.08185,0.00362,,,,,1.18592,0.00498,,,,,1.05766,0.00406,,,,,0.2417,0.00846,,,,,<LOD,0.01083,,,,,0.00332,0.00111,,,,,0.02124,0.00105,,,,,1.22022,0.00519,,,,,<LOD,0.00554,,,,,0.0016,0.00034,,,,,0.00155,0.00024,,,,,0.00909,0.00023,,,,,0.00062,0.0001,,,,,<LOD,0.00024,,,,,0.00485,8.00E-05,,,,,0.00753,9.00E-05,,,,,0.00136,8.00E-05,,,,,0.0349,0.00018,,,,,0.00087,9.00E-05,,,,,0.00053,0.00013,,,,,<LOD,0.00219,,,,,<LOD,0.00251,,,,,0.00206,0.00059,,,,,<LOD,0.00444,,,,,<LOD,0.14572,,,,,<LOD,0.00139,,,,,<LOD,0.00088,,,,,0.00428,0.00013,,,,,<LOD,0.00275,,,,,<LOD,0.0013,,,,,<LOD,0.00076,,,,,72.31219,0.08003,,,,
35,57,5/17/20,13:47:23,Geochem(3-Beam),idvl,D01,33.59672198,-101.8636315,No error ,Administrator,0,,%,<LOD,1.49364,,,,,2.3604,0.03831,,,,,9.60441,0.0366,,,,,0.24396,0.00404,,,,,0.2948,0.00396,,,,,1.09209,0.00457,,,,,2.61185,0.00798,,,,,0.19358,0.00724,,,,,<LOD,0.00918,,,,,<LOD,0.00438,,,,,0.02391,0.00102,,,,,1.16543,0.00498,,,,,<LOD,0.00522,,,,,<LOD,0.00147,,,,,0.00303,0.00022,,,,,0.01081,0.00022,,,,,0.00078,0.0001,,,,,<LOD,0.00022,,,,,0.00352,7.00E-05,,,,,0.0123,0.0001,,,,,0.00071,8.00E-05,,,,,0.01575,0.00013,,,,,0.00031,9.00E-05,,,,,0.00037,0.00012,,,,,<LOD,0.00199,,,,,<LOD,0.00226,,,,,<LOD,0.00305,,,,,<LOD,0.00389,,,,,<LOD,0.1283,,,,,<LOD,0.00126,,,,,<LOD,0.00076,,,,,0.00407,0.00012,,,,,<LOD,0.00265,,,,,0.00128,0.00023,,,,,<LOD,0.00075,,,,,82.35664,0.06169,,,,
36,58,5/17/20,13:49:07,Geochem(3-Beam),idvl,C01,33.59668441,-101.8635739,No error ,Administrator,0,,%,0.61295,0.18668,,,,,2.96876,0.03817,,,,,11.4066,0.0438,,,,,0.18421,0.00345,,,,,0.25181,0.00358,,,,,0.97433,0.00439,,,,,1.81008,0.00644,,,,,0.19933,0.00724,,,,,<LOD,0.00899,,,,,<LOD,0.00419,,,,,0.02595,0.00099,,,,,1.23367,0.00535,,,,,<LOD,0.00505,,,,,0.00095,0.00029,,,,,0.00316,0.00022,,,,,0.01054,0.00021,,,,,0.0007,9.00E-05,,,,,<LOD,0.0002,,,,,0.00393,7.00E-05,,,,,0.00735,8.00E-05,,,,,0.00108,7.00E-05,,,,,0.01958,0.00013,,,,,0.00046,8.00E-05,,,,,<LOD,0.00062,,,,,<LOD,0.00192,,,,,<LOD,0.00218,,,,,0.00187,0.00053,,,,,<LOD,0.00386,,,,,<LOD,0.12793,,,,,<LOD,0.00121,,,,,<LOD,0.00074,,,,,0.00363,0.00011,,,,,<LOD,0.00241,,,,,<LOD,0.00114,,,,,<LOD,0.00067,,,,,80.27903,0.16295,,,,
37,59,5/17/20,13:58:47,Geochem(3-Beam),idvl,B01,33.59665552,-101.8636116,No error ,Administrator,0,,%,<LOD,0.76574,,,,,3.06524,0.0359,,,,,25.16394,0.0632,,,,,0.04534,0.00324,,,,,0.04512,0.00334,,,,,0.72901,0.0036,,,,,3.00317,0.00794,,,,,0.12348,0.00801,,,,,0.00918,0.00241,,,,,0.00704,0.00112,,,,,0.02759,0.00108,,,,,0.72703,0.00362,,,,,<LOD,0.00421,,,,,0.00149,0.00032,,,,,0.00111,0.00021,,,,,0.00338,0.00016,,,,,0.00046,7.00E-05,,,,,<LOD,0.00022,,,,,0.00226,6.00E-05,,,,,0.00751,8.00E-05,,,,,0.00095,7.00E-05,,,,,0.0211,0.00014,,,,,0.00032,9.00E-05,,,,,<LOD,0.00068,,,,,<LOD,0.00218,,,,,<LOD,0.0025,,,,,<LOD,0.00346,,,,,<LOD,0.00447,,,,,<LOD,0.13851,,,,,<LOD,0.00127,,,,,<LOD,0.00084,,,,,0.00099,9.00E-05,,,,,0.00192,0.00045,,,,,<LOD,0.00123,,,,,<LOD,0.0007,,,,,67.01234,0.08029,,,,
38,60,5/17/20,14:00:35,Geochem(3-Beam),idvl,B02,33.59662471,-101.8635672,No error ,Administrator,0,,%,<LOD,1.64259,,,,,2.0382,0.04026,,,,,9.07528,0.03864,,,,,0.08969,0.00379,,,,,0.25611,0.00434,,,,,0.79829,0.00425,,,,,4.02961,0.01279,,,,,0.12601,0.00818,,,,,<LOD,0.0102,,,,,<LOD,0.00499,,,,,0.02331,0.00111,,,,,0.83174,0.00442,,,,,<LOD,0.00494,,,,,<LOD,0.00172,,,,,0.00191,0.00024,,,,,0.00546,0.0002,,,,,0.0004,8.00E-05,,,,,<LOD,0.00024,,,,,0.0035,7.00E-05,,,,,0.01289,0.00012,,,,,0.00084,8.00E-05,,,,,0.01851,0.00015,,,,,0.00037,0.0001,,,,,<LOD,0.00076,,,,,<LOD,0.00234,,,,,<LOD,0.00269,,,,,<LOD,0.00371,,,,,<LOD,0.00477,,,,,<LOD,0.15049,,,,,<LOD,0.00141,,,,,<LOD,0.00094,,,,,0.0016,0.0001,,,,,<LOD,0.00296,,,,,0.00136,0.00025,,,,,<LOD,0.00082,,,,,82.68493,0.06617,,,,
39,61,5/17/20,14:01:58,Geochem(3-Beam),idvl,B03,33.59656239,-101.8635628,No error ,Administrator,0,,%,<LOD,1.55917,,,,,2.62563,0.04419,,,,,14.60392,0.05436,,,,,0.07032,0.00401,,,,,0.10752,0.00442,,,,,0.84933,0.00472,,,,,3.10595,0.01033,,,,,0.16147,0.00909,,,,,<LOD,0.01153,,,,,<LOD,0.00518,,,,,0.02023,0.00115,,,,,0.94891,0.00498,,,,,<LOD,0.00542,,,,,<LOD,0.00185,,,,,0.00189,0.00026,,,,,0.00755,0.00023,,,,,0.00037,8.00E-05,,,,,<LOD,0.00025,,,,,0.00316,8.00E-05,,,,,0.01076,0.00011,,,,,0.00096,9.00E-05,,,,,0.01997,0.00016,,,,,0.00042,0.00011,,,,,<LOD,0.00081,,,,,<LOD,0.00244,,,,,<LOD,0.00278,,,,,<LOD,0.00381,,,,,<LOD,0.0049,,,,,<LOD,0.1635,,,,,<LOD,0.0015,,,,,<LOD,0.00097,,,,,0.00145,0.00011,,,,,<LOD,0.00312,,,,,0.00149,0.00027,,,,,0.00041,0.00011,,,,,77.45828,0.08007,,,,
40,62,5/17/20,14:03:20,Geochem(3-Beam),idvl,B04,33.59647996,-101.8635306,No error ,Administrator,0,,%,<LOD,1.55872,,,,,2.51697,0.03925,,,,,8.69822,0.03514,,,,,0.07774,0.00331,,,,,0.11201,0.00346,,,,,0.61425,0.00345,,,,,3.34924,0.01008,,,,,0.15581,0.00719,,,,,<LOD,0.00947,,,,,<LOD,0.00455,,,,,0.01635,0.00093,,,,,1.17541,0.00509,,,,,<LOD,0.00533,,,,,<LOD,0.00154,,,,,0.00143,0.00021,,,,,0.00644,0.00019,,,,,0.00033,7.00E-05,,,,,<LOD,0.00021,,,,,0.00341,7.00E-05,,,,,0.00871,9.00E-05,,,,,0.00087,8.00E-05,,,,,0.01374,0.00013,,,,,0.00037,9.00E-05,,,,,0.0004,0.00012,,,,,<LOD,0.00204,,,,,<LOD,0.00233,,,,,<LOD,0.00316,,,,,<LOD,0.00407,,,,,<LOD,0.13154,,,,,<LOD,0.00124,,,,,<LOD,0.00077,,,,,0.00127,9.00E-05,,,,,<LOD,0.00266,,,,,0.00074,0.00023,,,,,0.00033,0.0001,,,,,83.24594,0.06123,,,,
41,63,5/17/20,14:04:56,Geochem(3-Beam),idvl,B05,33.59650331,-101.8634946,No error ,Administrator,0,,%,<LOD,0.9336,,,,,3.36749,0.04056,,,,,19.04806,0.05677,,,,,0.03738,0.00348,,,,,0.12165,0.00378,,,,,0.95571,0.00433,,,,,4.45054,0.0122,,,,,0.22428,0.00879,,,,,<LOD,0.01098,,,,,0.00544,0.00117,,,,,0.01849,0.00109,,,,,1.36627,0.00571,,,,,<LOD,0.00606,,,,,0.00234,0.00036,,,,,0.00162,0.00024,,,,,0.00652,0.00021,,,,,0.00061,8.00E-05,,,,,<LOD,0.00025,,,,,0.00437,8.00E-05,,,,,0.01187,0.00011,,,,,0.00128,8.00E-05,,,,,0.01875,0.00015,,,,,0.00057,0.0001,,,,,<LOD,0.00073,,,,,<LOD,0.00227,,,,,<LOD,0.0026,,,,,<LOD,0.00359,,,,,<LOD,0.00463,,,,,<LOD,0.15684,,,,,0.00081,0.00025,,,,,<LOD,0.00094,,,,,0.00158,0.0001,,,,,<LOD,0.00284,,,,,0.0008,0.00025,,,,,<LOD,0.0008,,,,,70.35357,0.08284,,,,
42,64,5/17/20,14:06:27,Geochem(3-Beam),idvl,B06,33.59646695,-101.86359,No error ,Administrator,0,,%,<LOD,0.98932,,,,,3.34627,0.04263,,,,,16.64314,0.0545,,,,,0.02146,0.00366,,,,,0.03604,0.00367,,,,,0.99208,0.00463,,,,,5.93678,0.01683,,,,,0.24211,0.00948,,,,,<LOD,0.01218,,,,,0.00362,0.00121,,,,,0.01739,0.00116,,,,,1.4949,0.00642,,,,,<LOD,0.00671,,,,,0.00176,0.00038,,,,,0.00208,0.00026,,,,,0.00573,0.00021,,,,,0.00078,9.00E-05,,,,,<LOD,0.00025,,,,,0.00505,9.00E-05,,,,,0.01062,0.00011,,,,,0.00132,9.00E-05,,,,,0.02534,0.00017,,,,,0.00067,0.0001,,,,,<LOD,0.00078,,,,,<LOD,0.00242,,,,,<LOD,0.00277,,,,,0.00207,0.00065,,,,,<LOD,0.00493,,,,,<LOD,0.16952,,,,,<LOD,0.00149,,,,,<LOD,0.00092,,,,,0.00119,0.0001,,,,,<LOD,0.00298,,,,,<LOD,0.00141,,,,,<LOD,0.00084,,,,,71.20958,0.08621,,,,
43,65,5/17/20,14:07:59,Geochem(3-Beam),idvl,B07,33.5965051,-101.8636665,No error ,Administrator,0,,%,<LOD,1.2461,,,,,3.34245,0.04546,,,,,15.79762,0.05572,,,,,0.02421,0.0037,,,,,<LOD,0.04343,,,,,0.97375,0.00487,,,,,4.22833,0.01315,,,,,0.22188,0.00954,,,,,<LOD,0.01201,,,,,<LOD,0.00553,,,,,0.02188,0.0012,,,,,1.42379,0.00645,,,,,<LOD,0.00667,,,,,0.00247,0.0004,,,,,0.0023,0.00027,,,,,0.00719,0.00023,,,,,0.0007,9.00E-05,,,,,<LOD,0.00026,,,,,0.00452,9.00E-05,,,,,0.01192,0.00012,,,,,0.00119,9.00E-05,,,,,0.02437,0.00018,,,,,0.00069,0.00011,,,,,<LOD,0.0008,,,,,<LOD,0.00249,,,,,<LOD,0.00286,,,,,<LOD,0.00395,,,,,<LOD,0.00508,,,,,<LOD,0.17224,,,,,<LOD,0.00152,,,,,<LOD,0.00096,,,,,0.00195,0.00012,,,,,<LOD,0.00313,,,,,0.00178,0.00028,,,,,<LOD,0.00088,,,,,73.90701,0.0858,,,,
44,66,5/17/20,14:09:49,Geochem(3-Beam),idvl,B08,33.59640024,-101.863625,No error ,Administrator,0,,%,<LOD,1.10213,,,,,3.15881,0.04186,,,,,17.88393,0.05721,,,,,0.02461,0.00348,,,,,0.07384,0.00381,,,,,0.90188,0.00442,,,,,3.83209,0.01132,,,,,0.17619,0.00882,,,,,<LOD,0.01093,,,,,<LOD,0.00511,,,,,0.01405,0.00107,,,,,1.12959,0.00524,,,,,<LOD,0.00571,,,,,0.00205,0.00037,,,,,0.00099,0.00024,,,,,0.00579,0.0002,,,,,0.00048,9.00E-05,,,,,<LOD,0.00025,,,,,0.00451,8.00E-05,,,,,0.01348,0.00012,,,,,0.00103,9.00E-05,,,,,0.02799,0.00018,,,,,0.00057,0.0001,,,,,<LOD,0.00077,,,,,<LOD,0.00234,,,,,<LOD,0.00268,,,,,<LOD,0.00369,,,,,<LOD,0.00473,,,,,<LOD,0.1584,,,,,<LOD,0.00141,,,,,<LOD,0.00092,,,,,0.00207,0.00011,,,,,<LOD,0.00294,,,,,<LOD,0.00139,,,,,<LOD,0.00083,,,,,72.74604,0.08258,,,,
45,67,5/17/20,14:14:02,Geochem(3-Beam),idvl,B09,33.59634235,-101.8636522,No error ,Administrator,0,,%,0.67228,0.18633,,,,,2.53061,0.0356,,,,,18.09098,0.06258,,,,,0.04824,0.00324,,,,,0.09575,0.00333,,,,,0.70529,0.00375,,,,,3.95785,0.01286,,,,,0.5643,0.01047,,,,,<LOD,0.01226,,,,,0.00441,0.00111,,,,,0.01197,0.00096,,,,,0.84885,0.00435,,,,,<LOD,0.00453,,,,,0.00139,0.00032,,,,,0.00151,0.00022,,,,,0.00737,0.0002,,,,,0.00033,7.00E-05,,,,,<LOD,0.00023,,,,,0.00335,7.00E-05,,,,,0.00902,9.00E-05,,,,,0.0008,8.00E-05,,,,,0.01758,0.00014,,,,,0.00055,9.00E-05,,,,,0.00038,0.00012,,,,,<LOD,0.00218,,,,,<LOD,0.00248,,,,,0.00175,0.00058,,,,,<LOD,0.00441,,,,,<LOD,0.15469,,,,,<LOD,0.0013,,,,,<LOD,0.00085,,,,,0.0015,9.00E-05,,,,,<LOD,0.00264,,,,,<LOD,0.00125,,,,,<LOD,0.00073,,,,,72.42393,0.15534,,,,
46,68,5/17/20,14:15:51,Geochem(3-Beam),idvl,A01,33.5967011,-101.8635594,No error ,Administrator,0,,%,<LOD,1.33632,,,,,1.44008,0.03503,,,,,8.72459,0.03589,,,,,0.20133,0.00421,,,,,0.47029,0.00473,,,,,0.92874,0.00438,,,,,5.09629,0.01525,,,,,0.12148,0.00762,,,,,<LOD,0.00971,,,,,<LOD,0.00471,,,,,0.02301,0.00109,,,,,0.88943,0.00447,,,,,<LOD,0.005,,,,,0.00124,0.00034,,,,,0.00289,0.00024,,,,,0.0161,0.00028,,,,,0.00052,9.00E-05,,,,,<LOD,0.00023,,,,,0.00322,7.00E-05,,,,,0.01498,0.00012,,,,,0.00093,8.00E-05,,,,,0.01478,0.00014,,,,,0.0004,0.0001,,,,,<LOD,0.00072,,,,,<LOD,0.00221,,,,,<LOD,0.00252,,,,,<LOD,0.00345,,,,,<LOD,0.00442,,,,,<LOD,0.14072,,,,,<LOD,0.00148,,,,,<LOD,0.00087,,,,,0.00266,0.00011,,,,,<LOD,0.0029,,,,,0.00144,0.00025,,,,,0.00045,0.00011,,,,,82.04514,0.06319,,,,
47,69,5/17/20,14:17:15,Geochem(3-Beam),idvl,A02,33.59662926,-101.8634956,No error ,Administrator,0,,%,<LOD,2.18609,,,,,1.11618,0.04371,,,,,5.03718,0.03048,,,,,0.37022,0.00575,,,,,0.69018,0.0065,,,,,1.59726,0.00739,,,,,4.18666,0.01517,,,,,0.06662,0.00721,,,,,<LOD,0.00912,,,,,<LOD,0.00474,,,,,0.01565,0.00109,,,,,0.49917,0.00361,,,,,0.00309,0.00089,,,,,<LOD,0.00194,,,,,0.00378,0.00027,,,,,0.01801,0.00032,,,,,<LOD,0.00051,,,,,<LOD,0.00024,,,,,0.0021,7.00E-05,,,,,0.01415,0.00014,,,,,0.00048,0.0001,,,,,0.00951,0.00014,,,,,<LOD,0.00067,,,,,<LOD,0.00085,,,,,<LOD,0.00242,,,,,<LOD,0.00273,,,,,<LOD,0.00363,,,,,<LOD,0.00459,,,,,<LOD,0.13588,,,,,<LOD,0.0016,,,,,<LOD,0.0009,,,,,0.0021,0.00012,,,,,<LOD,0.00342,,,,,0.00329,0.00029,,,,,0.00098,0.00013,,,,,86.3634,0.06453,,,,
48,70,5/17/20,14:19:02,Geochem(3-Beam),idvl,A03,33.5966387,-101.8635778,No error ,Administrator,0,,%,<LOD,1.95121,,,,,1.00163,0.06859,,,,,2.24473,0.02204,,,,,0.48971,0.0066,,,,,0.90817,0.00792,,,,,9.0246,0.03721,,,,,2.79864,0.01325,,,,,0.06306,0.00881,,,,,<LOD,0.01102,,,,,<LOD,0.0057,,,,,0.01485,0.00125,,,,,0.4446,0.00404,,,,,<LOD,0.00499,,,,,<LOD,0.00252,,,,,0.00235,0.00033,,,,,0.0134,0.00035,,,,,0.00033,0.0001,,,,,<LOD,0.00031,,,,,0.00227,9.00E-05,,,,,0.01036,0.00014,,,,,<LOD,0.0007,,,,,0.00698,0.00016,,,,,<LOD,0.00083,,,,,0.00053,0.00017,,,,,<LOD,0.00292,,,,,<LOD,0.00326,,,,,<LOD,0.0043,,,,,<LOD,0.00543,,,,,<LOD,0.16585,,,,,<LOD,0.00193,,,,,<LOD,0.00114,,,,,0.00138,0.00013,,,,,<LOD,0.00422,,,,,0.00415,0.00035,,,,,0.00068,0.00015,,,,,82.96759,0.09053,,,,
49,71,5/17/20,14:20:42,Geochem(3-Beam),idvl,A04,33.59654003,-101.8635306,No error ,Administrator,0,,%,<LOD,3.84673,,,,,1.83785,0.06682,,,,,5.90883,0.04624,,,,,0.10716,0.00669,,,,,0.20087,0.00759,,,,,0.99451,0.00785,,,,,4.54669,0.02268,,,,,0.15561,0.01271,,,,,<LOD,0.01657,,,,,<LOD,0.00753,,,,,0.02922,0.00183,,,,,1.06121,0.00792,,,,,<LOD,0.00835,,,,,0.00351,0.00067,,,,,0.0029,0.00043,,,,,0.01681,0.00045,,,,,0.00054,0.00016,,,,,<LOD,0.0004,,,,,0.0036,0.00012,,,,,0.01584,0.0002,,,,,0.00095,0.00014,,,,,0.02009,0.00024,,,,,0.00054,0.00016,,,,,<LOD,0.00122,,,,,<LOD,0.00368,,,,,<LOD,0.00417,,,,,<LOD,0.00572,,,,,<LOD,0.00733,,,,,<LOD,0.24204,,,,,<LOD,0.00247,,,,,<LOD,0.00139,,,,,0.00405,0.0002,,,,,<LOD,0.00476,,,,,0.00378,0.00042,,,,,<LOD,0.00135,,,,,85.08543,0.09735,,,,
50,72,5/17/20,14:22:02,Geochem(3-Beam),idvl,A05,33.59648431,-101.863585,No error ,Administrator,0,,%,<LOD,2.66751,,,,,1.55731,0.05776,,,,,4.64179,0.03616,,,,,0.20849,0.00652,,,,,0.4045,0.00724,,,,,1.19579,0.00779,,,,,6.43888,0.02882,,,,,0.14294,0.01126,,,,,<LOD,0.01498,,,,,<LOD,0.00705,,,,,0.0322,0.00162,,,,,1.05606,0.00737,,,,,<LOD,0.00783,,,,,0.00201,0.00059,,,,,0.00425,0.00038,,,,,0.0248,0.00049,,,,,0.00069,0.00014,,,,,<LOD,0.00035,,,,,0.00364,0.00011,,,,,0.01349,0.00017,,,,,0.00096,0.00013,,,,,0.02089,0.00023,,,,,0.00063,0.00015,,,,,<LOD,0.00112,,,,,<LOD,0.00333,,,,,<LOD,0.00377,,,,,0.00276,0.00089,,,,,<LOD,0.00655,,,,,<LOD,0.21539,,,,,<LOD,0.00241,,,,,<LOD,0.00134,,,,,0.003,0.00017,,,,,<LOD,0.00445,,,,,0.00373,0.00039,,,,,0.0008,0.00016,,,,,84.24038,0.08892,,,,
51,73,5/17/20,14:23:37,Geochem(3-Beam),idvl,A06,33.59652329,-101.8636255,No error ,Administrator,0,,%,<LOD,3.34953,,,,,1.70972,0.08893,,,,,10.5399,0.07497,,,,,0.12054,0.00843,,,,,0.91253,0.01312,,,,,5.9772,0.03473,,,,,3.5449,0.02157,,,,,0.10189,0.01394,,,,,<LOD,0.01639,,,,,<LOD,0.0089,,,,,0.04347,0.00237,,,,,0.51516,0.00613,,,,,<LOD,0.00744,,,,,<LOD,0.00454,,,,,0.0038,0.00051,,,,,0.03016,0.00071,,,,,0.00053,0.00016,,,,,<LOD,0.00047,,,,,0.00253,0.00014,,,,,0.01043,0.0002,,,,,<LOD,0.00102,,,,,0.01087,0.00026,,,,,<LOD,0.00122,,,,,0.00098,0.00026,,,,,<LOD,0.00446,,,,,<LOD,0.00503,,,,,<LOD,0.00672,,,,,<LOD,0.00862,,,,,<LOD,0.25342,,,,,<LOD,0.00354,,,,,<LOD,0.00181,,,,,0.00158,0.0002,,,,,<LOD,0.0063,,,,,0.00682,0.00053,,,,,0.00124,0.00022,,,,,76.46574,0.14811,,,,
52,75,5/17/20,14:26:11,Geochem(3-Beam),idvl,A07,33.59652078,-101.8635245,No error ,Administrator,0,,%,<LOD,1.3068,,,,,2.51538,0.04107,,,,,7.85146,0.03423,,,,,0.2363,0.0044,,,,,0.25861,0.00407,,,,,0.98369,0.00454,,,,,5.286,0.01619,,,,,0.2183,0.0085,,,,,<LOD,0.01124,,,,,<LOD,0.00513,,,,,0.03572,0.00123,,,,,1.50168,0.00649,,,,,<LOD,0.00652,,,,,0.00189,0.00036,,,,,0.00321,0.00026,,,,,0.0354,0.00042,,,,,0.00069,0.00012,,,,,<LOD,0.00025,,,,,0.00434,8.00E-05,,,,,0.01665,0.00013,,,,,0.0012,9.00E-05,,,,,0.0227,0.00016,,,,,0.00062,0.0001,,,,,<LOD,0.00074,,,,,<LOD,0.00225,,,,,<LOD,0.00257,,,,,<LOD,0.00352,,,,,<LOD,0.00452,,,,,<LOD,0.157,,,,,<LOD,0.00179,,,,,<LOD,0.00095,,,,,0.00496,0.00014,,,,,<LOD,0.00291,,,,,0.00087,0.00026,,,,,<LOD,0.00083,,,,,81.02032,0.0686,,,,
53,76,5/17/20,14:27:52,Geochem(3-Beam),idvl,A08,33.5964702,-101.8635262,No error ,Administrator,0,,%,<LOD,1.74381,,,,,1.17326,0.03369,,,,,4.60867,0.02351,,,,,0.33879,0.00429,,,,,0.64655,0.0049,,,,,1.3563,0.00527,,,,,2.69087,0.00837,,,,,0.12016,0.00652,,,,,<LOD,0.00847,,,,,<LOD,0.0041,,,,,0.02107,0.0009,,,,,0.93077,0.00426,,,,,<LOD,0.00464,,,,,<LOD,0.00141,,,,,0.0028,0.00021,,,,,0.02481,0.00031,,,,,0.00056,8.00E-05,,,,,<LOD,0.00021,,,,,0.00317,6.00E-05,,,,,0.01086,0.0001,,,,,0.00077,7.00E-05,,,,,0.01149,0.00012,,,,,0.00044,9.00E-05,,,,,<LOD,0.00065,,,,,<LOD,0.00196,,,,,<LOD,0.00222,,,,,<LOD,0.00302,,,,,<LOD,0.00384,,,,,<LOD,0.1195,,,,,<LOD,0.0014,,,,,<LOD,0.00076,,,,,0.00279,0.0001,,,,,<LOD,0.00258,,,,,0.00092,0.00022,,,,,0.00039,9.00E-05,,,,,88.05457,0.04875,,,,
54,77,5/17/20,14:29:25,Geochem(3-Beam),idvl,A09,33.59639138,-101.8635617,No error ,Administrator,0,,%,<LOD,1.67955,,,,,2.34824,0.04057,,,,,9.20691,0.03786,,,,,0.15498,0.00381,,,,,0.24835,0.00406,,,,,1.12763,0.00497,,,,,2.70504,0.00883,,,,,0.20565,0.00814,,,,,<LOD,0.01054,,,,,0.00441,0.00111,,,,,0.02457,0.00111,,,,,1.32686,0.00581,,,,,<LOD,0.00597,,,,,0.00124,0.00034,,,,,0.00239,0.00025,,,,,0.01519,0.00028,,,,,0.00081,0.00011,,,,,<LOD,0.00023,,,,,0.004,7.00E-05,,,,,0.01035,0.0001,,,,,0.00116,8.00E-05,,,,,0.02016,0.00015,,,,,0.00055,0.0001,,,,,<LOD,0.00072,,,,,<LOD,0.00219,,,,,<LOD,0.00251,,,,,<LOD,0.00343,,,,,<LOD,0.00439,,,,,<LOD,0.14836,,,,,<LOD,0.00141,,,,,<LOD,0.00084,,,,,0.00415,0.00013,,,,,<LOD,0.00278,,,,,<LOD,0.00132,,,,,<LOD,0.00078,,,,,82.58736,0.06534,,,,